symbol,rate_volatility,consecutive_positive_periods,oi_change_rate,coin_category,survival_rate
1000BONKUSDT,0.0051,85,0.0015,niche_crypto,0.0
1000CHEEMSUSDT,0.004,36,0.0,niche_crypto,0.0
1000LUNCUSDT,0.0204,4,-0.0139,niche_crypto,0.0
1000PEPEUSDT,0.0231,7,0.0168,niche_crypto,0.0
1000SHIBUSDT,0.0122,15,0.005,niche_crypto,0.0
1000XECUSDT,0.0996,38,-0.0338,niche_crypto,0.0
2ZUSDT,0.0078,53,0.0037,niche_crypto,0.0
AAVEUSDT,0.0065,14,-0.0001,niche_crypto,0.0
ADAUSDT,0.0102,19,0.0039,niche_crypto,0.0
AIAUSDT,0.0361,122,-0.0073,niche_crypto,0.262
AIGENSYNUSDT,0.0786,51,-0.1231,niche_crypto,0.0
AINUSDT,0.0265,200,0.0007,sticky_coin,1.0
AIOUSDT,0.0102,200,0.0021,sticky_coin,1.0
ALCHUSDT,0.0098,200,0.0011,sticky_coin,1.0
ALGOUSDT,0.0119,13,0.0026,niche_crypto,0.0
ALICEUSDT,0.0829,68,0.0078,niche_crypto,0.0
ALTUSDT,0.006,66,0.0013,niche_crypto,0.0
AMDUSDT,0.0825,15,-0.2245,niche_crypto,0.8
APEUSDT,0.0592,2,-0.0075,niche_crypto,0.0
APRUSDT,0.0242,200,-0.0161,sticky_coin,1.0
APTUSDT,0.0199,14,0.0094,niche_crypto,0.0
ARBUSDT,0.0083,16,-0.0001,niche_crypto,0.0
ARCUSDT,0.0198,212,-0.0051,sticky_coin,1.0
ASTERUSDT,0.0046,65,0.0005,niche_crypto,0.0
ATOMUSDT,0.018,20,0.0134,niche_crypto,0.0
ATUSDT,0.0,200,0.0,sticky_coin,1.0
AVAXUSDT,0.0091,10,0.0012,niche_crypto,0.0
AVNTUSDT,0.0196,50,0.0088,niche_crypto,0.0
AXSUSDT,0.0454,44,0.0101,niche_crypto,0.0
BANANAS31USDT,0.0054,59,-0.0008,niche_crypto,0.0
BASEDUSDT,0.0295,68,0.0055,niche_crypto,0.0
BASUSDT,0.0289,234,-0.0112,sticky_coin,1.0
BBUSDT,0.0359,35,-0.0038,niche_crypto,0.0
BCHUSDT,0.0095,10,-0.0035,niche_crypto,0.0
BEATUSDT,0.0139,200,-0.0047,sticky_coin,1.0
BILLUSDT,0.0202,49,-0.0281,niche_crypto,0.928
BIOUSDT,0.0695,14,0.0162,niche_crypto,0.0
BLUAIUSDT,0.0236,104,0.0056,sticky_coin,0.117
BNBUSDT,0.0035,14,0.0022,major_crypto,0.0
BOMEUSDT,0.0069,28,0.0037,niche_crypto,0.0
BSBUSDT,0.0313,108,-0.0031,niche_crypto,0.113
BTCUSDT,0.0043,10,0.0011,major_crypto,0.0
BUSDT,0.0364,258,0.0127,sticky_coin,1.0
BZUSDT,0.1227,22,-0.0201,niche_crypto,0.0
CCUSDT,0.004,60,0.0007,niche_crypto,0.0
CFGUSDT,0.0103,19,0.0001,niche_crypto,0.0
CFXUSDT,0.0077,12,-0.0002,niche_crypto,0.0
CGPTUSDT,0.0138,104,-0.0089,niche_crypto,0.129
CHIPUSDT,0.1258,32,0.0082,niche_crypto,0.0
CHZUSDT,0.0051,31,-0.0004,niche_crypto,0.0
CLUSDT,0.1246,12,-0.0102,niche_crypto,0.0
COINUSDT,0.2478,7,0.0414,stock_perp,0.0
COOKIEUSDT,0.0067,81,-0.0034,niche_crypto,0.0
COSUSDT,0.1333,65,-0.0527,niche_crypto,0.0
CRCLUSDT,0.2047,21,0.0239,niche_crypto,0.0
CRVUSDT,0.0069,64,-0.0014,niche_crypto,0.0
DASHUSDT,0.0168,25,0.0031,niche_crypto,0.0
DEEPUSDT,0.0143,85,-0.0071,niche_crypto,0.0
DODOXUSDT,0.0071,197,-0.0001,sticky_coin,0.982
DOGEUSDT,0.0071,17,0.0029,niche_crypto,0.0
DOGSUSDT,0.0354,90,-0.0105,niche_crypto,0.008
DOTUSDT,0.0426,11,0.0149,niche_crypto,0.0
DUSKUSDT,0.0016,55,-0.0002,sticky_coin,0.0
DYMUSDT,0.0107,41,0.0016,niche_crypto,0.0
EDENUSDT,0.0385,177,-0.0147,niche_crypto,0.688
EDGEUSDT,0.0188,110,-0.0024,sticky_coin,0.191
ENAUSDT,0.0035,42,-0.0,niche_crypto,0.0
ENJUSDT,0.1365,1,0.0465,niche_crypto,0.0
ENSUSDT,0.0089,17,0.0033,niche_crypto,0.0
ESPORTSUSDT,0.0219,238,-0.0066,sticky_coin,0.943
ETCUSDT,0.0096,22,0.0049,niche_crypto,0.0
ETHUSDT,0.0057,18,0.0013,major_crypto,0.0
EWYUSDT,0.1551,7,0.0205,niche_crypto,0.0
FARTCOINUSDT,0.0032,86,-0.0006,stock_perp,0.0
FETUSDT,0.0494,8,0.016,niche_crypto,0.0
FFUSDT,0.1066,95,0.0326,niche_crypto,0.033
FHEUSDT,0.0166,200,-0.0032,sticky_coin,1.0
FIDAUSDT,0.1305,86,-0.0598,niche_crypto,0.0
FIGHTUSDT,0.0248,177,0.0028,sticky_coin,0.75
FILUSDT,0.0153,8,0.005,niche_crypto,0.0
FOGOUSDT,0.0169,99,-0.0066,sticky_coin,0.086
FOLKSUSDT,0.0264,200,0.0155,sticky_coin,1.0
GIGGLEUSDT,0.0033,50,-0.0001,niche_crypto,0.0
GOATUSDT,0.0069,171,-0.001,sticky_coin,0.745
GOOGLUSDT,0.0896,14,0.0121,stock_perp,0.0
GPSUSDT,0.0067,68,-0.0009,niche_crypto,0.0
GRASSUSDT,0.0016,180,-0.0003,sticky_coin,0.827
GTCUSDT,0.1199,16,-0.0118,niche_crypto,0.0
GUAUSDT,0.065,205,-0.0391,sticky_coin,0.728
GWEIUSDT,0.0307,98,0.0096,sticky_coin,0.069
HBARUSDT,0.0096,11,0.005,niche_crypto,0.0
HOMEUSDT,0.0183,34,-0.0137,niche_crypto,0.0
HUSDT,0.0185,254,0.0094,sticky_coin,1.0
HYPERUSDT,0.1258,49,0.0117,niche_crypto,0.0
HYPEUSDT,0.0057,20,-0.001,niche_crypto,0.0
ICPUSDT,0.0669,7,0.03,niche_crypto,0.0
IMXUSDT,0.0079,26,0.0021,niche_crypto,0.0
INJUSDT,0.0283,5,0.0038,niche_crypto,0.0
INTCUSDT,0.1267,17,0.0199,stock_perp,0.0
INXUSDT,0.0292,122,0.0214,niche_crypto,0.291
IRYSUSDT,0.167,172,-0.058,niche_crypto,0.366
JCTUSDT,0.0236,200,0.0071,sticky_coin,1.0
JELLYJELLYUSDT,0.0117,210,-0.001,sticky_coin,1.0
JTOUSDT,0.0587,10,-0.0029,niche_crypto,0.0
JUPUSDT,0.0055,17,0.0002,niche_crypto,0.0
KAIAUSDT,0.0047,80,-0.002,niche_crypto,0.0
KAITOUSDT,0.007,15,0.0005,niche_crypto,0.0
KITEUSDT,0.0084,244,-0.001,sticky_coin,0.917
LABUSDT,0.0527,220,-0.0044,sticky_coin,0.78
LAYERUSDT,0.1371,48,-0.0301,niche_crypto,0.0
LDOUSDT,0.0058,14,0.0001,niche_crypto,0.0
LINKUSDT,0.0069,28,0.0015,niche_crypto,0.0
LITUSDT,0.0016,122,-0.0,sticky_coin,0.284
LTCUSDT,0.0057,13,0.0006,niche_crypto,0.0
LYNUSDT,0.0428,89,0.009,sticky_coin,0.0
MAGMAUSDT,0.0185,200,-0.0066,sticky_coin,1.0
MBOXUSDT,0.0942,51,-0.0151,niche_crypto,0.0
MEGAUSDT,0.0417,70,-0.0031,niche_crypto,0.0
MITOUSDT,0.0999,89,-0.0484,niche_crypto,0.0
MLNUSDT,0.071,128,-0.0294,niche_crypto,0.287
MOVEUSDT,0.0874,21,-0.0004,niche_crypto,0.0
MSTRUSDT,0.2611,9,0.0305,niche_crypto,0.0
MUUSDT,0.1216,20,0.089,niche_crypto,0.0
NAORISUSDT,0.0245,230,0.0035,sticky_coin,0.979
NATGASUSDT,0.1029,38,-0.0183,niche_crypto,0.0
NEARUSDT,0.0096,12,0.0012,niche_crypto,0.0
NILUSDT,0.0235,101,-0.003,niche_crypto,0.109
NMRUSDT,0.0055,48,-0.0021,niche_crypto,0.0
NVDAUSDT,0.1231,35,0.0582,stock_perp,0.0
ONDOUSDT,0.0051,21,-0.0014,niche_crypto,0.0
ONTUSDT,0.1322,13,-0.0051,niche_crypto,0.0
OPENUSDT,0.0038,49,-0.0006,niche_crypto,0.0
OPGUSDT,0.0225,55,0.0306,niche_crypto,0.0
OPUSDT,0.0121,9,0.0045,niche_crypto,0.0
ORCAUSDT,0.0722,2,-0.0035,niche_crypto,0.0
ORDIUSDT,0.0094,22,-0.0002,niche_crypto,0.0
PARTIUSDT,0.0338,66,0.0192,niche_crypto,0.0
PAXGUSDT,0.0026,21,-0.0001,niche_crypto,0.0
PENDLEUSDT,0.0105,11,-0.0005,niche_crypto,0.0
PENGUUSDT,0.0045,11,-0.0017,niche_crypto,0.0
PHAROSUSDT,0.0335,9,-0.152,niche_crypto,0.488
PHBUSDT,0.053,39,-0.0117,niche_crypto,0.0
PIEVERSEUSDT,0.0783,106,0.0109,sticky_coin,0.131
PLAYUSDT,0.0442,181,-0.0215,niche_crypto,0.548
PLUMEUSDT,0.0115,31,0.0027,niche_crypto,0.0
POLYXUSDT,0.0699,60,-0.0329,niche_crypto,0.0
PROMPTUSDT,0.1356,197,-0.0281,niche_crypto,0.806
PROMUSDT,0.024,93,0.0047,niche_crypto,0.036
PROVEUSDT,0.1551,106,-0.0679,niche_crypto,0.155
PUMPUSDT,0.004,12,-0.0008,niche_crypto,0.0
QNTUSDT,0.0066,9,0.0007,niche_crypto,0.0
QQQUSDT,0.0799,5,0.0543,niche_crypto,0.0
QTUMUSDT,0.0359,29,-0.0045,niche_crypto,0.0
QUSDT,0.0161,240,0.0049,sticky_coin,1.0
RAVEUSDT,0.0255,181,-0.0046,sticky_coin,0.583
RECALLUSDT,0.0008,179,-0.0002,sticky_coin,0.776
RENDERUSDT,0.007,12,0.0043,niche_crypto,0.0
RIFUSDT,0.0,200,0.0,sticky_coin,1.0
RIVERUSDT,0.0285,242,-0.0163,sticky_coin,1.0
ROBOUSDT,0.0027,80,0.0007,niche_crypto,0.0
RONINUSDT,0.1786,44,-0.0695,niche_crypto,0.0
RUNEUSDT,0.0105,11,0.0007,niche_crypto,0.0
SAGAUSDT,0.0425,117,0.0083,niche_crypto,0.194
SAHARAUSDT,0.0328,37,0.0114,niche_crypto,0.0
SAPIENUSDT,0.023,59,-0.0018,niche_crypto,0.0
SEIUSDT,0.0183,10,0.0112,niche_crypto,0.0
SIRENUSDT,0.1249,24,-0.0036,niche_crypto,0.0
SKYAIUSDT,0.05,258,-0.0314,sticky_coin,1.0
SNDKUSDT,0.1166,9,0.0696,niche_crypto,0.0
SOLUSDT,0.0091,11,0.0035,major_crypto,0.0
SOLVUSDT,0.0481,70,-0.0073,niche_crypto,0.0
SOXLUSDT,0.0485,5,0.0593,niche_crypto,0.35
SPACEUSDT,0.0144,218,-0.0075,sticky_coin,1.0
STABLEUSDT,0.1035,8,0.0097,niche_crypto,0.0
STORJUSDT,0.1102,54,-0.0454,niche_crypto,0.0
STRKUSDT,0.0043,21,0.0007,niche_crypto,0.0
SUIUSDT,0.0061,11,0.0013,niche_crypto,0.0
SWARMSUSDT,0.022,141,0.0034,sticky_coin,0.342
SYSUSDT,0.0095,200,0.0026,sticky_coin,1.0
TACUSDT,0.0268,191,-0.0148,sticky_coin,0.927
TAOUSDT,0.0098,23,0.0045,niche_crypto,0.0
TAUSDT,0.0304,158,0.0095,sticky_coin,0.618
TIAUSDT,0.0037,14,-0.0008,niche_crypto,0.0
TONUSDT,0.0061,14,-0.0015,niche_crypto,0.0
TOWNSUSDT,0.013,43,-0.0038,niche_crypto,0.0
TRUMPUSDT,0.0378,23,0.0202,niche_crypto,0.0
TRUTHUSDT,0.0275,246,-0.0017,sticky_coin,1.0
TRXUSDT,0.0114,16,0.0028,niche_crypto,0.0
TSLAUSDT,0.1095,25,0.0186,stock_perp,0.0
TSTUSDT,0.027,30,-0.0019,niche_crypto,0.0
TURBOUSDT,0.0099,47,0.0066,niche_crypto,0.0
UBUSDT,0.0279,110,-0.0107,sticky_coin,0.125
UNIUSDT,0.007,19,0.0013,niche_crypto,0.0
USELESSUSDT,0.0104,260,0.0041,sticky_coin,1.0
USUSDT,0.0253,200,0.0094,sticky_coin,1.0
VELVETUSDT,0.0209,218,-0.0061,sticky_coin,1.0
VICUSDT,0.0287,69,-0.0068,niche_crypto,0.0
VIRTUALUSDT,0.0048,39,0.001,niche_crypto,0.0
VVVUSDT,0.0171,62,-0.0008,niche_crypto,0.0
WALUSDT,0.034,23,0.0054,niche_crypto,0.0
WIFUSDT,0.0478,11,-0.011,niche_crypto,0.0
WLDUSDT,0.0317,15,-0.0191,niche_crypto,0.0
WLFIUSDT,0.0072,29,0.0023,niche_crypto,0.0
XAGUSDT,0.049,48,0.0115,niche_crypto,0.0
XAUTUSDT,0.0026,42,0.0006,niche_crypto,0.0
XAUUSDT,0.0255,20,0.0088,niche_crypto,0.0
XLMUSDT,0.0104,20,-0.0004,niche_crypto,0.0
XMRUSDT,0.0135,222,0.0056,sticky_coin,0.971
XPLUSDT,0.0054,38,-0.0018,niche_crypto,0.0
XRPUSDT,0.0069,12,0.0028,major_crypto,0.0
ZBTUSDT,0.0032,34,-0.0001,niche_crypto,0.0
ZECUSDT,0.0118,16,0.0021,niche_crypto,0.0
ZENUSDT,0.0059,26,0.0015,niche_crypto,0.0
ZEREBROUSDT,0.0225,86,-0.0025,niche_crypto,0.0
币安人生USDT,0.0171,54,0.0078,niche_crypto,0.0
